age,subsidence
0.0,3850.7266240825847
5.3,3687.55430649422
10.0,3544.988567359405
13.82,3390.1568879526835
15.97,3004.324396830282
19.1,2774.6424295636657
23.03,2301.07106601151
33.9,1792.2282284545188
38.0,1521.147296531813
41.0,995.1136709851988
47.8,0.0
