age,subsidence
0.0,5888.961941853615
5.3,5722.813650848025
10.0,5518.420209328966
13.82,5232.658647458268
15.97,4826.110142391424
19.1,4482.865072213768
23.03,4089.9654283609098
33.9,3520.5944193676587
38.0,2850.215332395629
41.0,1834.9602524687225
47.8,0.0
