age,subsidence
0.0,5152.535670669916
5.3,4968.994720599223
10.0,4778.595219437133
13.82,4552.4609051087355
15.97,4178.168119881914
19.1,3872.524083284764
23.03,3418.928147873214
33.9,2715.019068129699
38.0,2055.009531846701
41.0,1057.7676612088464
47.8,0.0
