age,subsidence
0.0,5010.141695599465
5.3,4829.03018093796
10.0,4668.309474717139
13.82,4454.739103697189
15.97,4084.2159104059224
19.1,3804.2340526664984
23.03,3356.482025283312
33.9,2699.008547201917
38.0,2159.505629327487
41.0,1328.1008593885795
47.8,0.0
