age,subsidence
0.0,4314.0978075844905
5.3,4149.279625624242
10.0,4012.494151968495
13.82,3851.1173617950344
15.97,3483.939967949088
19.1,3250.887014435851
23.03,2781.7713748049605
33.9,2261.123169576729
38.0,1884.4941619418416
41.0,1414.2473315741527
47.8,0.0
