age,subsidence
0.0,5973.726264122954
5.3,5821.877910679802
10.0,5617.073932400014
13.82,5337.84747691018
15.97,4910.137606125557
19.1,4571.9727484117575
23.03,4234.071811567571
33.9,3738.5656934428725
38.0,3105.0820635889877
41.0,2185.558152500271
47.8,0.0
