age,subsidence
0.0,4867.380032687923
5.3,4712.334521594174
10.0,4562.9476747604895
13.82,4303.681763199362
15.97,3878.8120327858933
19.1,3585.738188063518
23.03,3322.7527684512697
33.9,2949.744363770164
38.0,2518.8303048861367
41.0,2040.3626194825679
47.8,0.0
