age,subsidence
0.0,4800.691899993417
5.3,4629.305657055602
10.0,4489.5779715348835
13.82,4301.827403864674
15.97,3947.6844958508555
19.1,3696.8158926743013
23.03,3243.1763927985985
33.9,2684.007310531758
38.0,2233.7871299571716
41.0,1554.002361015684
47.8,0.0
