age,subsidence
0.0,4407.614052094573
5.3,4220.701324490002
10.0,4066.0169134534185
13.82,3812.474807860267
15.97,3371.8886225166866
19.1,3117.69409520918
23.03,2838.709745989675
33.9,2437.6475278382472
38.0,2106.120922754637
41.0,1792.3908479359397
47.8,0.0
