age,subsidence
0.0,4128.932393770996
5.3,3931.771382440689
10.0,3770.7992151168714
13.82,3541.636017504781
15.97,3115.36351427036
19.1,2848.9422496061657
23.03,2588.3818109893505
33.9,2150.207344734591
38.0,1892.8164218809525
41.0,1567.0731904219049
47.8,0.0
