age,subsidence
0.0,4524.606789749322
5.3,4362.161076543115
10.0,4203.791470765793
13.82,3942.0615052578446
15.97,3485.950696854579
19.1,3205.3546868638414
23.03,2937.256633432049
33.9,2585.2924209790317
38.0,2205.860339721696
41.0,1724.5451729315262
47.8,0.0
