age,subsidence
0.0,5699.419917458648
5.3,5573.474069176283
10.0,5372.553112457057
13.82,5112.857948923738
15.97,4691.068395136915
19.1,4371.290621585385
23.03,4074.5401103959016
33.9,3606.3688216425
38.0,3033.25857031081
41.0,2275.198252192887
47.8,0.0
