age,subsidence
0.0,5372.101989380504
5.3,5250.769518531228
10.0,5068.225159803243
13.82,4814.039981613878
15.97,4390.983436043552
19.1,4067.6339588410665
23.03,3792.2926032440664
33.9,3380.796133209943
38.0,2858.5230189052413
41.0,2279.276342278432
47.8,0.0
