age,subsidence
0.0,5420.750389192685
5.3,5247.883252014372
10.0,5042.23833381416
13.82,4782.600495617038
15.97,4407.940112179223
19.1,4078.436750401835
23.03,3645.859430774074
33.9,2969.5112442429204
38.0,2260.4712512546894
41.0,1106.0593172184356
47.8,0.0
