age,subsidence
0.0,5122.0470232626885
5.3,4979.678192199096
10.0,4817.068886698041
13.82,4552.413894749789
15.97,4132.395716002196
19.1,3816.6470074352433
23.03,3552.298087181662
33.9,3185.2958867624
38.0,2695.5570404291084
41.0,2174.612171290016
47.8,0.0
